"","stockkey","stockkeylabel","stockkeydescription","speciesfaocode"
"1",169047,"agn-nea","Angel shark (Squatina squatina) in subareas 1-10, 12 and 14 (the Northeast Atlantic and adjacent waters)","agn"
"2",169047,"agn.27.nea","Angel shark (Squatina squatina) in subareas 1-10, 12 and 14 (the Northeast Atlantic and adjacent waters)","agn"
"3",169048,"alf-comb","Alfonsinos (Beryx spp.) in the Northeast Atlantic","alf"
"4",169048,"alf.27.nea","Alfonsinos (Beryx spp.) in subareas 1-10, 12 and 14 (the Northeast Atlantic and adjacent waters)","alf"
"5",169049,"anb-78ab","Anglerfish (Budegassa) in Divisions VIIb-k and VIIIa,b","anb"
"6",169050,"anb-8c9a","Anglerfish (Budegassa) in Divisions VIIIc and IXa","anb"
"7",169051,"ane-bisc","Anchovy in Subarea VIII (Bay of Biscay)","ane"
"8",169052,"ane-pore","Anchovy in Division IXa","ane"
"9",169051,"ane.27.8","Anchovy (Engraulis encrasicolus) in Subarea 8 (Bay of Biscay)","ane"
"10",169052,"ane.27.9a","Anchovy (Engraulis encrasicolus) in Division 9.a (Atlantic Iberian waters)","ane"
"11",169053,"anf.27.1-2","Anglerfish (Lophius budegassa, Lophius piscatorius) in subareas 1 and 2 (Northeast Arctic)","anf"
"12",169054,"anf.27.3a46","Anglerfish (Lophius budegassa, Lophius piscatorius) in Subareas 4 and 6, and Division 3.a (North Sea, Rockall and West of Scotland, Skagerrak and Kattegat)","anf"
"13",136486,"ang-78ab","Anglerfish (Lophius piscatorius and L. budegassa) in Divisions VIIb-k and VIIIa,b,d","ang"
"14",169053,"ang-arct","Anglerfish (Lophius budegassa, Lophius piscatorius) in subareas 1 and 2 (Northeast Arctic)","ang"
"15",169054,"ang-ivvi","Anglerfish (Lophius piscatorius and L. budegassa) in Divisions IIa, IIIa, Subarea IV and VI","ang"
"16",169049,"ank.27.78ab","Black-bellied anglerfish (Lophius  budegassa) in divisions 7.b–k, 8.a–b, and 8.d  (west and southwest of Ireland, Bay of Biscay)","ank"
"17",169050,"ank.27.8c9a","Black-bellied anglerfish (Lophius budegassa) in divisions 8.c and 9.a (Cantabrian Sea, Atlantic Iberian waters)","ank"
"18",169055,"anp-78ab","Anglerfish (Piscatorius) in Divisions VIIb-k and VIIIa,b","anp"
"19",169056,"anp-8c9a","Anglerfish (Piscatorius) in Divisions VIIIc and IXa","anp"
"20",169057,"arg-123a4","Greater silver smelt (Argentina silus) in subareas 1, 2, and 4, and in Division 3.a (Northeast Arctic, North Sea, Skagerrak and Kattegat)","arg"
"21",169058,"arg-5b6a","Greater silver smelt (Argentina silus) in divisions 5.b and 6.a (Faroes grounds and west of Scotland)","arg"
"22",169059,"arg-icel","Greater silver smelt (Argentina silus) in Subarea 14 and Division 5.a (East Greenland and Iceland grounds)","arg"
"23",136491,"arg-oth","Greater silver smelt (Argentina silus) in Subareas I  II  IV  VI-X  XII  and XIV  and Divisions IIIa and Vb (Northeast Atlantic)","arg"
"24",169060,"arg-rest","Greater silver smelt (Argentina silus) in Subareas 7–10 and 12, and Division 6.b (other areas)","arg"
"25",169057,"aru.27.123a4","Greater silver smelt (Argentina silus) in subareas 1, 2, and 4, and in Division 3.a (Northeast Arctic, North Sea, Skagerrak and Kattegat)","aru"
"26",169059,"aru.27.5a14","Greater silver smelt (Argentina silus) in Subarea 14 and Division 5.a (East Greenland and Iceland grounds)","aru"
"27",169058,"aru.27.5b6a","Greater silver smelt (Argentina silus) in divisions 5.b and 6.a (Faroes grounds and west of Scotland)","aru"
"28",169060,"aru.27.6b7-1012","Greater silver smelt (Argentina silus) in Subareas 7–10 and 12, and Division 6.b (other areas)","aru"
"29",169061,"bli-5a14","Blue ling (Molva dypterygia) in Subarea 14 and Division 5.a (East Greenland and Iceland grounds)","bli"
"30",169062,"bli-5b67","Blue ling (Molva dypterygia) in Subdivision Vb. and Subareas VI and VII","bli"
"31",169063,"bli-oth","Blue ling (Molva dypterygia) in Subareas 1, 2, 8, 9, and 12, and Divisions 3.a and 4.a (other areas)","bli"
"32",169061,"bli.27.5a14","Blue ling (Molva dypterygia) in Subarea 14 and Division 5.a (East Greenland and Iceland grounds)","bli"
"33",169062,"bli.27.5b67","Blue ling (Molva dypterygia) in subareas 6–7 and Division 5.b (Celtic Seas, English Channel, and Faroes grounds)","bli"
"34",169063,"bli.27.nea","Blue ling (Molva dypterygia) in Subareas 1, 2, 8, 9, and 12, and Divisions 3.a and 4.a (other areas)","bli"
"35",169064,"bll-2232","Brill in Subdivisions 22 - 32 (Baltic Sea)","bll"
"36",169065,"bll-nsea","Brill (Scophthalmus rhombus) in Subarea 4 and divisions 3.a and 7.d–e (North Sea, Skagerrak and Kattegat, English Channel)","bll"
"37",169064,"bll.27.22-32","Brill (Scophthalmus rhombus) in subdivisions 22–32 (Baltic Sea)","bll"
"38",169065,"bll.27.3a47de","Brill (Scophthalmus rhombus) in Subarea 4 and divisions 3.a and 7.d–e (North Sea, Skagerrak and Kattegat, English Channel)","bll"
"39",169066,"boc-nea","Boarfish in the Northeast Atlantic","boc"
"40",169066,"boc.27.6-8","Boarfish (Capros aper) in subareas 6–8 (Celtic Seas, English Channel, and Bay of Biscay)","boc"
"41",136500,"bsf-89","Black scabbardfish (Aphanopus carbo) in Subareas VIII and IX","bsf"
"42",169067,"bsf-nea","Black scabbardfish (Aphanopus carbo) in Subareas 1, 2, 4–8, 10, and 14, and Divisions 3.a, 9.a, and 12.b (Northeast Atlantic and Arctic Ocean) ","bsf"
"43",136502,"bsf-nrtn","Black scabbardfish (Aphanopus carbo) in Subareas VI, VII, and Divisions Vb and XIIb","bsf"
"44",136503,"bsf-oth","Black scabbardfish (Aphanopus carbo) in other areas (Subareas I  II  IV  X  XIV and Divisions IIIa  Va)","bsf"
"45",169067,"bsf.27.nea","Black scabbardfish (Aphanopus carbo) in Subareas 1, 2, 4–8, 10, and 14, and Divisions 3.a, 9.a, and 12.b (Northeast Atlantic and Arctic Ocean) ","bsf"
"46",136498,"bsh-nea","Blue shark (Prionace glauca) in the Northeast Atlantic","bsh"
"47",169068,"bsk-nea","Basking shark (Cetorhinus maximus) in the Northeast Atlantic and adjacent waters","bsk"
"48",169068,"bsk.27.nea","Basking shark (Cetorhinus maximus) in Subareas 1-10  12 and 14 (the Northeast Atlantic and adjacent waters)","bsk"
"49",169069,"bss-47","Seabass (Dicentrarchus labrax) in divisions 4.b–c, 7.a, and 7.d–h (central and southern North Sea, Irish Sea, English Channel, Bristol Channel, and Celtic Sea)","bss"
"50",169070,"bss-8ab","Seabass (Dicentrarchus labrax) in divisions 8.a–b (northern and central Bay of Biscay)","bss"
"51",169071,"bss-8c9a","Seabass (Dicentrarchus labrax) in divisions 8.c and 9.a (southern Bay of Biscay and Atlantic Iberian waters)","bss"
"52",169072,"bss-wosi","Seabass (Dicentrarchus labrax) in divisions 6.a, 7.b, and 7.j (West of Scotland,  West of Ireland, eastern part of southwest of Ireland)","bss"
"53",169069,"bss.27.4bc7ad–h","Seabass (Dicentrarchus labrax) in divisions 4.b–c, 7.a, and 7.d–h (central and southern North Sea, Irish Sea, English Channel, Bristol Channel, and Celtic Sea)","bss"
"54",169072,"bss.27.6a7bj","Seabass (Dicentrarchus labrax) in divisions 6.a, 7.b, and 7.j (West of Scotland,  West of Ireland, eastern part of southwest of Ireland)","bss"
"55",169070,"bss.27.8ab","Seabass (Dicentrarchus labrax) in divisions 8.a–b (northern and central Bay of Biscay)","bss"
"56",169071,"bss.27.8c9a","Seabass (Dicentrarchus labrax) in divisions 8.c and 9.a (southern Bay of Biscay and Atlantic Iberian waters)","bss"
"57",169073,"cap-bars","Capelin in Subareas I and II, excluding Division IIa west of 5°W (Barents Sea capelin)","cap"
"58",169074,"cap-icel","Capelin in Subareas V, XIV and Division IIa west of 5?W (Iceland-East Greenland-Jan Mayen area)","cap"
"59",169073,"cap.27.1-2","Capelin (Mallotus villosus) in subareas 1 and 2 (Northeast Arctic), excluding Division 2.a west of 5°W (Barents Sea capelin)","cap"
"60",169074,"cap.27.2a514","Capelin (Mallotus villosus) in subareas 5 and 14 and Division 2.a west of 5°W (Iceland and Faroes grounds, East Greenland, Jan Mayen area)","cap"
"61",169075,"cod-2224","Cod in Subdivisions 22 - 24","cod"
"62",169076,"cod-2532","Cod in Subdivisions 25 - 32","cod"
"63",169077,"cod-347d","Cod in Subarea IV (North Sea), Divison VIId (Eastern Channel) and IIIa West (Skagerrak)","cod"
"64",169078,"cod-7e-k","Cod in Divisions VIIe-k (Celtic Sea cod)","cod"
"65",169079,"cod-arct","Cod in Subareas I and II (Northeast Arctic cod)","cod"
"66",169080,"cod-coas","Cod in Subareas I and II (Norwegian coastal cod)","cod"
"67",136514,"cod-ewgr","Cod in ICES Subarea XIV and NAFO Subarea 1 (Greenland cod)","cod"
"68",169081,"cod-farb","Cod in Subdivision Vb2 (Faroe Bank)","cod"
"69",169082,"cod-farp","Cod in Subdivision Vb1 (Faroe Plateau)","cod"
"70",169083,"cod-iceg","Cod in Division Va (Icelandic cod)","cod"
"71",169084,"cod-ingr","Cod (Gadus morhua) in NAFO Subarea 1, inshore (West Greenland cod)","cod"
"72",169085,"cod-iris","Cod in Division VIIa (Irish Sea)","cod"
"73",169086,"cod-kat","Cod in Division IIIa East (Kattegat)","cod"
"74",140773,"cod-offgr","Cod in offshore waters of ICES Subarea XIV and NAFO Subarea 1 (Greenland cod)","cod"
"75",169087,"cod-rock","Cod in Division VIb (Rockall)","cod"
"76",169088,"cod-scow","Cod in Division VIa (West of Scotland)","cod"
"77",169089,"cod-segr","Cod (Gadus morhua) in ICES Subarea 14 and NAFO Division 1.F (East Greenland, South Greenland)","cod"
"78",169090,"cod-wgr","Cod (Gadus morhua) in NAFO divisions 1.A–E, offshore (West Greenland)","cod"
"79",169084,"cod.21.1","Cod (Gadus morhua) in NAFO Subarea 1, inshore (West Greenland cod)","cod"
"80",169090,"cod.21.1a-e","Cod (Gadus morhua) in NAFO divisions 1.A–E, offshore (West Greenland)","cod"
"81",169089,"cod.2127.1f14","Cod (Gadus morhua) in ICES Subarea 14 and NAFO Division 1.F (East Greenland, South Greenland)","cod"
"82",169079,"cod.27.1-2","Cod (Gadus morhua) in subareas 1 and 2 (Northeast Arctic)","cod"
"83",169080,"cod.27.1-2coast","Cod (Gadus morhua) in subareas 1 and 2 (Norwegian coastal waters cod)","cod"
"84",169086,"cod.27.21","Cod (Gadus morhua) in Subdivision 21 (Kattegat)","cod"
"85",169075,"cod.27.22-24","Cod (Gadus morhua) in subdivisions 22–24, western Baltic stock (western Baltic Sea)","cod"
"86",169076,"cod.27.25-32","Cod (Gadus morhua) in subdivisions 25–32, eastern Baltic stock (eastern Baltic Sea)","cod"
"87",169077,"cod.27.47d20","Cod (Gadus morhua) in Subarea 4 and divisions 7.d and 20 (North Sea, eastern English Channel, Skagerrak)","cod"
"88",169083,"cod.27.5a","Cod (Gadus morhua) in Division 5.a (Iceland grounds)","cod"
"89",169082,"cod.27.5b1","Cod (Gadus morhua) in Subdivision 5.b.1 (Faroe Plateau)","cod"
"90",169081,"cod.27.5b2","Cod (Gadus morhua) in Subdivision 5.b.2 (Faroe Bank)","cod"
"91",169088,"cod.27.6a","Cod (Gadus morhua) in Division 6.a (West of Scotland)","cod"
"92",169087,"cod.27.6b","Cod (Gadus morhua) in Division 6.b (Rockall)","cod"
"93",169085,"cod.27.7a","Cod (Gadus morhua) in Division 7.a (Irish Sea)","cod"
"94",169078,"cod.27.7e-k","Cod (Gadus morhua) in divisions 7.e–k (eastern English Channel and southern Celtic Seas)","cod"
"95",169091,"cyo-nea","Portuguese dogfish (Centroscymnus coelolepis, Centrophorus squamosus) in subareas 1-10, 12 and 14 (the Northeast Atlantic and adjacent waters)","cyo"
"96",169091,"cyo.27.nea","Portuguese dogfish (Centroscymnus coelolepis, Centrophorus squamosus) in subareas 1-10, 12 and 14 (the Northeast Atlantic and adjacent waters)","cyo"
"97",169092,"dab-2232","Dab in Subdivisions 22 - 32 (Baltic Sea)","dab"
"98",169093,"dab-nsea","Dab (Limanda limanda) in Subarea 4 and Division 3.a (North Sea, Skagerrak and Kattegat)","dab"
"99",169092,"dab.27.22-32","Dab (Limanda limanda) in subdivisions 22–32 (Baltic Sea)","dab"
"100",169093,"dab.27.3a4","Dab (Limanda limanda) in Subarea 4 and Division 3.a (North Sea, Skagerrak and Kattegat)","dab"
"101",169094,"dgs-nea","Spurdog (Squalus acanthia) in subareas 1-10, 12 and 14 (the Northeast Atlantic and adjacent waters)","dgs"
"102",169094,"dgs.27.nea","Spurdog (Squalus acanthia) in subareas 1-10, 12 and 14 (the Northeast Atlantic and adjacent waters)","dgs"
"103",169095,"ele-nea","Eel (Anguilla anguilla) throughout its natural range","ele"
"104",169095,"ele.2737.nea","Eel (Anguilla anguilla) throughout its natural range","ele"
"105",169096,"fle-2223","Flounder (Platichthys flesus) in subdivisions 22 and 23 (Belt Seas and the Sound)","fle"
"106",136528,"fle-2232","Flounder in Subdivisions 22 - 32 (Baltic Sea)","fle"
"107",169097,"fle-2425","Flounder in Sub-divisions 24 and 25","fle"
"108",169098,"fle-2628","Flounder (Platichthys flesus) in subdivisions 26 and 28 (east of Gotland and Gulf of Gdansk)","fle"
"109",169099,"fle-2732","Flounder (Platichthys flesus) in subdivisions 27 and 29–32 (northern central and northern Baltic Sea)","fle"
"110",169100,"fle-nsea","Flounder (Platichthys flesus) in Subarea 4 and Division 3.a (North Sea, Skagerrak and Kattegat)","fle"
"111",169096,"fle.27.2223","Flounder (Platichthys flesus) in subdivisions 22 and 23 (Belt Seas and the Sound)","fle"
"112",169097,"fle.27.2425","Flounder (Platichthys flesus) in subdivisions 24 and 25 (west of Bornholm and southwestern central Baltic)","fle"
"113",169098,"fle.27.2628","Flounder (Platichthys flesus) in subdivisions 26 and 28 (east of Gotland and Gulf of Gdansk)","fle"
"114",169099,"fle.27.2729-32","Flounder (Platichthys flesus) in subdivisions 27 and 29–32 (northern central and northern Baltic Sea)","fle"
"115",169100,"fle.27.3a4","Flounder (Platichthys flesus) in Subarea 4 and Division 3.a (North Sea, Skagerrak and Kattegat)","fle"
"116",169101,"gag-nea","Tope (Galeorhinus galeus) in the Northeast Atlantic","gag"
"117",169101,"gag.27.nea","Tope (Galeorhinus galeus) in subareas 1-10, 12 and 14 (the Northeast Atlantic and adjacent waters)","gag"
"118",169102,"gfb-comb","Greater forkbeard (Phycis blennoides) in the Northeast Atlantic","gfb"
"119",169102,"gfb.27.nea","Greater forkbeard (Phycis blennoides) in subareas 1-10, 12 and 14 (the Northeast Atlantic and adjacent waters)","gfb"
"120",169103,"ghl-arct","Greenland halibut in Sub-areas I & II","ghl"
"121",169103,"ghl-arct","Greenland halibut in Subareas I and II","ghl"
"122",169104,"ghl-grn","Greenland halibut in Sub-areas V and XIV","ghl"
"123",169104,"ghl-grn","Greenland halibut in Subareas V, VI, XII and XIV","ghl"
"124",169103,"ghl.27.1-2","Greenland halibut (Reinhardtius hippoglossoides) in subareas 1 and 2 (Northeast Arctic)","ghl"
"125",169104,"ghl.27.561214","Greenland halibut (Reinhardtius hippoglossoides) in subareas 5, 6, 12, and 14 (Iceland and Faroes grounds, West of Scotland, North of Azores, East of Greenland)","ghl"
"126",169105,"gug-347d","Grey gurnard (Eutrigla gurnardus) in Subarea 4 and divisions 7.d and 3.a (North Sea, eastern English Channel, Skagerrak and Kattegat)","gug"
"127",136535,"gug-89a","Grey gurnard in Subarea VIII and Division IXa","gug"
"128",136536,"gug-celt","Grey gurnard in Subarea VI and Divisions VIIa-c and e-k (Celtic Sea and West of Scotland)","gug"
"129",169105,"gug.27.3a47d","Grey gurnard (Eutrigla gurnardus) in Subarea 4 and divisions 7.d and 3.a (North Sea, eastern English Channel, Skagerrak and Kattegat)","gug"
"130",169106,"guq-nea","Leafscale gulper shark (Centrophorus squamosus) in subareas 1-10, 12 and 14 (the Northeast Atlantic and adjacent waters)","guq"
"131",169106,"guq.27.nea","Leafscale gulper shark (Centrophorus squamosus) in subareas 1-10, 12 and 14 (the Northeast Atlantic and adjacent waters)","guq"
"132",169107,"gur-comb","Red gurnard (Chelidonichthys cuculus) in subareas 3–8 (Northeast Atlantic)","gur"
"133",169107,"gur.27.3-8","Red gurnard (Chelidonichthys cuculus) in subareas 3–8 (Northeast Atlantic)","gur"
"134",136539,"had-34","Haddock in Subarea IV (North Sea) and Division IIIa (Skagerrak - Kattegat)","had"
"135",169108,"had-346a","Haddock in Subarea IV and Divisions IIIa West and VIa (North Sea. Skagerrak and West of Scotland)","had"
"136",169109,"had-7b-k","Haddock in Divisions VIIb-k","had"
"137",169110,"had-arct","Haddock in Subareas I and II (Northeast Arctic)","had"
"138",169111,"had-faro","Haddock in Division Vb","had"
"139",169112,"had-iceg","Haddock in Division Va (Icelandic haddock)","had"
"140",169113,"had-iris","Haddock in Division VIIa (Irish Sea)","had"
"141",169114,"had-rock","Haddock in Division VIb (Rockall)","had"
"142",136551,"had-scow","Haddock in Division VIa (West of Scotland)","had"
"143",169110,"had.27.1-2","Haddock (Melanogrammus aeglefinus) in subareas 1 and 2 (Northeast Arctic)","had"
"144",169108,"had.27.46a20","Haddock (Melanogrammus aeglefinus) in Subarea 4, Division 6.a, and Subdivision 20  (North Sea, West of Scotland, Skagerrak) ","had"
"145",169112,"had.27.5a","Haddock (Melanogrammus aeglefinus) in Division 5.a (Iceland grounds)","had"
"146",169111,"had.27.5b","Haddock (Melanogrammus aeglefinus) in Division 5.b (Faroes grounds)","had"
"147",169114,"had.27.6b","Haddock (Melanogrammus aeglefinus) in Division 6.b (Rockall)","had"
"148",169113,"had.27.7a","Haddock (Melanogrammus aeglefinus) in Division7.a (Irish Sea)","had"
"149",169109,"had.27.7b–k","Haddock (Melanogrammus aeglefinus) in divisions 7.b–k (southern Celtic Seas and English Channel)","had"
"150",169115,"her-2532-gor","Herring in Subdivisions 25 - 29 (minus Gulf of Riga) and 32","her"
"151",136553,"her-30","Herring in Subdivision 30 (Bothnian Sea)","her"
"152",136554,"her-31","Herring in Subdivision 31 (Bothnian Bay)","her"
"153",169118,"her-3a22","Herring in Division IIIa and Subdivisions 22 - 24 (Western Baltic spring spawners)","her"
"154",169119,"her-47d3","Herring in Subarea IV and Divisions IIIa and VIId (North Sea autumn spawners)","her"
"155",169120,"her-67bc","Herring (Clupea harengus) in divisions 6.a and 7.b–c (West of Scotland, West of Ireland)","her"
"156",169121,"her-irls","Herring (Clupea harengus) in Divisions VIIa south of 52°30’N and VIIg,h,j,k (Irish Sea, Celtic Sea and southwest of Ireland)","her"
"157",169121,"her-irls","Herring in Division VIIa South of 52° 30’ N and VIIg,h,j,k (Celtic Sea and South of Ireland)","her"
"158",136558,"her-irlw","Herring in Divisions VIa (South) and VIIb,c","her"
"159",169122,"her-nirs","Herring in Division VIIa North of 52° 30’ N (Irish Sea)","her"
"160",169123,"her-noss","Herring in the Northeast Atlantic (Norwegian spring-spawning herring)","her"
"161",169124,"her-riga","Herring in Subdivision 28.1 (Gulf of Riga)","her"
"162",169125,"her-vasu","Herring in Division Va (Icelandic summer-spawners)","her"
"163",136563,"her-vian","Herring in Division VIa (North)","her"
"164",169123,"her.27.1-24a514a","Herring (Clupea harengus) in subareas 1, 2, 5 and divisions 4.a and 14.a, Norwegian spring-spawning herring (the Northeast Atlantic and Arctic Ocean)","her"
"165",169118,"her.27.20-24","Herring (Clupea harengus) in subdivisions 20–24, spring spawners (Skagerrak, Kattegat, and western Baltic)","her"
"166",169115,"her.27.25-2932","Herring (Clupea harengus) in subdivisions 25–29 and 32, excluding the Gulf of Riga (central Baltic Sea)","her"
"167",169124,"her.27.28","Herring (Clupea harengus) in Subdivision 28.1 (Gulf of Riga)","her"
"168",169673,"her.27.3031","Herring (Clupea harengus) in Subdivisions 30 and 31 (Gulf of Bothnia)","her"
"169",169119,"her.27.3a47d","Herring (Clupea harengus) in Subarea 4 and divisions 3.a and 7.d, autumn spawners (North Sea, Skagerrak and Kattegat, eastern English Channel)","her"
"170",169125,"her.27.5a","Herring (Clupea harengus) in Division 5.a, summer-spawning herring (Iceland grounds)","her"
"171",169120,"her.27.6a7bc","Herring (Clupea harengus) in divisions 6.a and 7.b–c (West of Scotland, West of Ireland)","her"
"172",169121,"her.27.irls","Herring (Clupea harengus) in divisions 7.a South of 52°30’N, 7.g–h, and 7.j–k (Irish Sea, Celtic Sea, and southwest of Ireland)","her"
"173",169122,"her.27.nirs","Herring (Clupea harengus) in Division 7.a North of 52°30’N (Irish Sea)","her"
"174",169126,"hke-nrtn","Hake in Division IIIa, Subareas IV, VI and VII and Divisions VIIIa,b,d (Northern stock)","hke"
"175",169127,"hke-soth","Hake in Division VIIIc and IXa (Southern stock)","hke"
"176",169126,"hke.27.3a46-8abd","Hake (Merluccius merluccius) in Subareas 4, 6, and 7, and Divisions 3.a, 8.a–b, and 8.d, Northern stock (Greater North Sea, Celtic Seas, and the northern Bay of Biscay)","hke"
"177",169127,"hke.27.8c9a","Hake (Merluccius merluccius) in divisions 8.c and 9.a, Southern stock (Cantabrian Sea and  Atlantic Iberian waters)","hke"
"178",169128,"hom-nsea","Horse mackerel (Trachurus trachurus) in Divisions IIIa, IVb,c and VIId (North Sea stock)","hom"
"179",169129,"hom-soth","Horse mackerel (Trachurus trachurus) in Division IXa (Southern stock)","hom"
"180",169130,"hom-west","Horse mackerel (Trachurus trachurus) in Divisions IIa, IVa, Vb, VIa,, VIIa-c, e-k, VIIIa-e (Western stock)","hom"
"181",169130,"hom.27.2a4a5b6a7a-ce-k8","Horse mackerel (Trachurus trachurus) in Subarea 8 and divisions 2.a, 4.a, 5.b, 6.a, 7.a–c,e–k (the Northeast Atlantic)","hom"
"182",169128,"hom.27.3a4bc7d","Horse mackerel (Trachurus trachurus) in divisions 3.a, 4.b–c, and 7.d (Skagerrak and Kattegat, southern and central North Sea, eastern English Channel)","hom"
"183",169129,"hom.27.9a","Horse mackerel (Trachurus trachurus) in Division 9.a (Atlantic Iberian waters)","hom"
"184",169131,"jaa-10","Blue jack mackerel (Trachurus picturatus) in Subdivision 10.a.2 (Azores grounds)","jaa"
"185",169131,"jaa.27.10a2","Blue jack mackerel (Trachurus picturatus) in Subdivision 10.a.2 (Azores grounds)","jaa"
"186",169785,"ldb.27.7b-k8abd","Four-spot megrim (Lepidorhombus boscii) in Divisions 7.b–k  8.a–b  and 8.d (west and southwest of Ireland  Bay of Biscay)","ldb"
"187",169140,"ldb.27.8c9a","Four-spot megrim (Lepidorhombus boscii) in divisions 8.c and 9.a (southern Bay of Biscay and Atlantic Iberian waters East)","ldb"
"188",169132,"lem-nsea","Lemon sole (Microstomus kitt) in Subarea 4 and divisions 3.a and 7.d (North Sea, Skagerrak and Kattegat, eastern English Channel)","lem"
"189",169132,"lem.27.3a47d","Lemon sole (Microstomus kitt) in Subarea 4 and divisions 3.a and 7.d (North Sea, Skagerrak and Kattegat, eastern English Channel)","lem"
"190",169138,"lez.27.4a6a","Megrim (Lepidorhombus spp.) in divisions 4.a and 6.a (northern North Sea, West of Scotland)","lez"
"191",169139,"lez.27.6b","Megrim (Lepidorhombus spp.) in Division 6.b (Rockall)","lez"
"192",169133,"lin-arct","Ling (Molva molva) in subareas 1 and 2 (Northeast Arctic)","lin"
"193",169134,"lin-faro","Ling in the Faroes Grounds (Fishing Area Vb)","lin"
"194",169135,"lin-icel","Ling in the Iceland Grounds (Fishing Area Va)","lin"
"195",169136,"lin-oth","Ling (Molva molva) in Subareas 6-9, 12, and 14, and Divisions 3.a and 4.a (Northeast Atlantic and Arctic Ocean)","lin"
"196",169133,"lin.27.1-2","Ling (Molva molva) in subareas 1 and 2 (Northeast Arctic)","lin"
"197",169136,"lin.27.3a4a6-91214","Ling (Molva molva) in Subareas 6-9, 12, and 14, and Divisions 3.a and 4.a (Northeast Atlantic and Arctic Ocean)","lin"
"198",169135,"lin.27.5a","Ling (Molva molva) in Division 5.a (Iceland grounds)","lin"
"199",169134,"lin.27.5b","Ling (Molva molva) in Division 5.b (Faroes grounds)","lin"
"200",169137,"mac-nea","Mackerel in the Northeast Atlantic (combined Southern, Western and North Sea spawning components)","mac"
"201",169137,"mac.27.nea","Mackerel (Scomber scombrus) in subareas 1-8 and 14 and division 9.a (the Northeast Atlantic and adjacent waters)","mac"
"202",169138,"meg-4a6a","Megrim (Lepidorhombus spp.) in divisions 4.a and 6.a (northern North Sea, West of Scotland)","meg"
"203",169139,"meg-rock","Megrim (Lepidorhombus spp.) in Division 6.b (Rockall)","meg"
"204",169141,"meg.27.7b-k8abd","Megrim (Lepidorhombus whiffiagonis) in divisions 7.b–k, 8.a–b, and 8.d (west and southwest of Ireland, Bay of Biscay)","meg"
"205",169142,"meg.27.8c9a","Megrim (Lepidorhombus whiffiagonis) in divisions 8.c and 9.a (Cantabrian Sea and Atlantic Iberian waters)","meg"
"206",169140,"mgb-8c9a","Megrim (Boscii) in Divisions VIIIc and IXa","mgb"
"207",169141,"mgw-78","Megrim (Lepidorhombus whiffiagonis) in Divisions VIIb-k and VIIIa,b,d","mgw"
"208",169142,"mgw-8c9a","Megrim (Whiffiagonis) in Divisions VIIIc and IXa","mgw"
"209",169055,"mon.27.78ab","White anglerfish (Lophius piscatorius) in divisions 7.b–k, 8.a–b, and 8.d (southern Celtic Seas, Bay of Biscay)","mon"
"210",169056,"mon.27.8c9a","White anglerfish (Lophius piscatorius) in divisions 8.c and 9.a (Cantabrian Sea and Atlantic Iberian waters)","mon"
"211",169143,"mur-347d","Striped red mullet (Mullus surmuletus) in Subarea 4 and divisions 7.d and 3.a (North Sea, eastern English Channel, Skagerrak and Kattegat)","mur"
"212",169144,"mur-west","Striped red mullet (Mullus surmuletus) in subareas 6 and 8, and in divisions 7.a–c, 7.e–k, and 9.a (North Sea, Bay of Biscay, southern Celtic Seas, and Atlantic Iberian waters)","mur"
"213",169143,"mur.27.3a47d","Striped red mullet (Mullus surmuletus) in Subarea 4 and divisions 7.d and 3.a (North Sea, eastern English Channel, Skagerrak and Kattegat)","mur"
"214",169144,"mur.27.67a-ce-k89a","Striped red mullet (Mullus surmuletus) in subareas 6 and 8, and in divisions 7.a–c, 7.e–k, and 9.a (North Sea, Bay of Biscay, southern Celtic Seas, and Atlantic Iberian waters)","mur"
"215",169145,"nep-10","Nephrops in Division IVa (Noup, FU 10)","nep"
"216",169146,"nep-11","Nephrops in Division VIa (North Minch, FU 11)","nep"
"217",169147,"nep-12","Nephrops in Division VIa (South Minch, FU 12)","nep"
"218",169148,"nep-13","Nephrops in Division VIa (Firth of Clyde, FU 13)","nep"
"219",169149,"nep-14","Nephrops in Division VIIa (Irish Sea East, FU 14)","nep"
"220",169150,"nep-15","Nephrops in Division VIIa (Irish Sea West, FU 15)","nep"
"221",169151,"nep-16","Norway lobster (Nephrops norvegicus) in divisions 7.b–c and 7.j–k, Functional Unit 16 (west and southwest of Ireland, Porcupine Bank)","nep"
"222",169152,"nep-17","Nephrops in Division VIIb (Aran Grounds, FU 17)","nep"
"223",169153,"nep-19","Nephrops in Division VIIa,g,j (South East and West of IRL, FU 19)","nep"
"224",169154,"nep-2021","Norway lobster (Nephrops norvegicus) in divisions 7.g and 7.h, functional units 20 and 21 (Celtic Sea)","nep"
"225",169155,"nep-22","Norway lobster (Nephrops norvegicus) in divisions 7.g and 7.f, Functional Unit 22 (Celtic Sea, Bristol Channel)","nep"
"226",169156,"nep-2324","Norway lobster (Nephrops norvegicus) in divisions 8.a and 8.b, functional units 23–24 (northern and central Bay of Biscay)","nep"
"227",169157,"nep-25","Norway lobster (Nephrops norvegicus) in Division 8.c, Functional Unit 25 (southern Bay of Biscay and northern Galicia)","nep"
"228",169158,"nep-2627","Norway lobster (Nephrops norvegicus) in Division 9.a, functional units 26–27 (Atlantic Iberian waters East, western Galicia, and northern Portugal)","nep"
"229",169159,"nep-2829","Norway lobster (Nephrops norvegicus) in Division 9.a, functional units 28–29 (Atlantic Iberian waters East and southwestern and southern Portugal)","nep"
"230",169165,"nep-3-4","Norway lobster (Nephrops norvegicus) in Division 3.a, Functional units 3 and 4 (Skagerrak and Kattegat)","nep"
"231",169160,"nep-30","Norway lobster (Nephrops norvegicus) in Division 9.a, Functional Unit 30 (Atlantic Iberian waters East and Gulf of Cadiz)","nep"
"232",169161,"nep-31","Norway lobster (Nephrops norvegicus) in Division 8.c, Functional Unit 31 (southern Bay of Biscay and Cantabrian Sea)","nep"
"233",169162,"nep-32","Nephrops in Division IVa (Norwegian Deeps, FU 32)","nep"
"234",169163,"nep-33","Nephrops in Division IVb (Off Horn Reef, FU 33)","nep"
"235",169164,"nep-34","Norway lobster (Nephrops norvegicus) in Division 4.b, Functional Unit 34 (central North Sea, Devil’s Hole)","nep"
"236",169166,"nep-5","Nephrops in Division IVbc (Botney Gut - Silver Pit, FU 5)","nep"
"237",169167,"nep-6","Nephrops in Division IVb (Farn Deeps, FU 6)","nep"
"238",169168,"nep-7","Nephrops in Division IVa (Fladen Ground, FU 7)","nep"
"239",169169,"nep-8","Nephrops in Division IVa (Firth of Forth, FU 8)","nep"
"240",169170,"nep-9","Nephrops in Division IVa (Moray Firth, FU 9)","nep"
"241",169171,"nep-oth-4","Norway lobster (Nephrops norvegicus) in Subarea 4, outside the functional units (North Sea)","nep"
"242",169172,"nep-oth-6a","Norway lobster (Nephrops norvegicus) in Division 6.a, outside the functional units (West of Scotland)","nep"
"243",169173,"nep-oth-7","Norway lobster (Nephrops norvegicus) in Subarea 7, outside the functional units (southern Celtic Seas, southwest of Ireland)","nep"
"244",169171,"nep.27.4outFU","Norway lobster (Nephrops norvegicus) in Subarea 4, outside the functional units (North Sea)","nep"
"245",169172,"nep.27.6aoutFU","Norway lobster (Nephrops norvegicus) in Division 6.a, outside the functional units (West of Scotland)","nep"
"246",169173,"nep.27.7outFU","Norway lobster (Nephrops norvegicus) in Subarea 7, outside the functional units (southern Celtic Seas, southwest of Ireland)","nep"
"247",169145,"nep.fu.10","Norway lobster (Nephrops norvegicus) in Division 4.a, Functional Unit 10 (northern North Sea, Noup)","nep"
"248",169146,"nep.fu.11","Norway lobster (Nephrops norvegicus) in Division 6.a, Functional Unit 11 (West of Scotland, North Minch)","nep"
"249",169147,"nep.fu.12","Norway lobster (Nephrops norvegicus) in Division 6.a, Functional Unit 12 (West of Scotland, South Minch)","nep"
"250",169148,"nep.fu.13","Norway lobster (Nephrops norvegicus) in Division 6.a, Functional Unit 13 (West of Scotland, the Firth of Clyde and Sound of Jura)","nep"
"251",169149,"nep.fu.14","Norway lobster (Nephrops norvegicus) in Division 7.a, Functional Unit 14 (Irish Sea, East)","nep"
"252",169150,"nep.fu.15","Norway lobster (Nephrops norvegicus) in Division 7.a, Functional Unit 15 (Irish Sea, West)","nep"
"253",169151,"nep.fu.16","Norway lobster (Nephrops norvegicus) in divisions 7.b–c and 7.j–k, Functional Unit 16 (west and southwest of Ireland, Porcupine Bank)","nep"
"254",169152,"nep.fu.17","Norway lobster (Nephrops norvegicus) in Division 7.b, Functional Unit 17 (west of Ireland, Aran grounds)","nep"
"255",169153,"nep.fu.19","Norway lobster (Nephrops norvegicus) in divisions 7.a, 7.g, and 7.j, Functional Unit 19 (Irish Sea, Celtic Sea, eastern part of southwest of Ireland)","nep"
"256",169154,"nep.fu.2021","Norway lobster (Nephrops norvegicus) in divisions 7.g and 7.h, functional units 20 and 21 (Celtic Sea)","nep"
"257",169155,"nep.fu.22","Norway lobster (Nephrops norvegicus) in divisions 7.g and 7.f, Functional Unit 22 (Celtic Sea, Bristol Channel)","nep"
"258",169156,"nep.fu.2324","Norway lobster (Nephrops norvegicus) in divisions 8.a and 8.b, functional units 23–24 (northern and central Bay of Biscay)","nep"
"259",169157,"nep.fu.25","Norway lobster (Nephrops norvegicus) in Division 8.c, Functional Unit 25 (southern Bay of Biscay and northern Galicia)","nep"
"260",169158,"nep.fu.2627","Norway lobster (Nephrops norvegicus) in Division 9.a, functional units 26–27 (Atlantic Iberian waters East, western Galicia, and northern Portugal)","nep"
"261",169159,"nep.fu.2829","Norway lobster (Nephrops norvegicus) in Division 9.a, functional units 28–29 (Atlantic Iberian waters East and southwestern and southern Portugal)","nep"
"262",169165,"nep.fu.3-4","Norway lobster (Nephrops norvegicus) in Division 3.a, Functional units 3 and 4 (Skagerrak and Kattegat)","nep"
"263",169160,"nep.fu.30","Norway lobster (Nephrops norvegicus) in Division 9.a, Functional Unit 30 (Atlantic Iberian waters East and Gulf of Cadiz)","nep"
"264",169161,"nep.fu.31","Norway lobster (Nephrops norvegicus) in Division 8.c, Functional Unit 31 (southern Bay of Biscay and Cantabrian Sea)","nep"
"265",169162,"nep.fu.32","Norway lobster (Nephrops norvegicus) in Division 4.a, Functional Unit 32 (northern North Sea, Norway Deep)","nep"
"266",169163,"nep.fu.33","Norway lobster (Nephrops norvegicus) in Division 4.b, Functional Unit 33 (central North Sea, Horn’s Reef)","nep"
"267",169164,"nep.fu.34","Norway lobster (Nephrops norvegicus) in Division 4.b, Functional Unit 34 (central North Sea, Devil’s Hole)","nep"
"268",169166,"nep.fu.5","Norway lobster (Nephrops norvegicus) in divisions 4.b and 4.c, Functional Unit 5 (central and southern North Sea, Botney Gut–Silver Pit)","nep"
"269",169167,"nep.fu.6","Norway lobster (Nephrops norvegicus) in Division 4.b, Functional Unit 6 (central North Sea, Farn Deeps)","nep"
"270",169168,"nep.fu.7","Norway lobster (Nephrops norvegicus) in Division 4.a, Functional Unit 7 (northern North Sea, Fladen Ground)","nep"
"271",169169,"nep.fu.8","Norway lobster (Nephrops norvegicus) in Division 4.b, Functional Unit 8 (central North Sea, Firth of Forth)","nep"
"272",169170,"nep.fu.9","Norway lobster (Nephrops norvegicus) in Division 4.b, Functional Unit 9 (central North Sea, Moray Firth)","nep"
"273",136611,"nop-34","Norway Pout in Subarea IV (North Sea) and IIIa (Skagerrak - Kattegat)","nop"
"274",137810,"nop-34-june","Norway Pout in Subarea IV (North Sea) and IIIa (Skagerrak - Kattegat) - Summer assessment","nop"
"275",169174,"nop-34-oct","Norway pout (Trisopterus esmarkii) in Subarea 4 and Division 3.a, October advice (North Sea, Skagerrak and Kattegat)","nop"
"276",136612,"nop-scow","Norway pout in Division VIa (West of Scotland)","nop"
"277",169174,"nop.27.3a4","Norway pout (Trisopterus esmarkii) in Subarea 4 and Division 3.a, October advice (North Sea, Skagerrak and Kattegat)","nop"
"278",169176,"ory-comb","Orange Roughy (Hoplostethus atlanticus) in the Northeast Atlantic","ory"
"279",169176,"ory.27.nea","Orange roughy (Hoplostethus atlanticus) in subareas 1-10, 12 and 14 (the Northeast Atlantic and adjacent waters)","ory"
"280",169177,"pan-barn","Northern shrimp (Pandalus borealis) in Subareas I and II (Barents Sea)","pan"
"281",169178,"pan-flad","Northern shrimp (Pandalus borealis) in Division IVa (Fladen Ground)","pan"
"282",169179,"pan-sknd","Northern shrimp (Pandalus borealis) in Divisions IIIa West and IVa East (Skagerrak and Norwegian Deeps)","pan"
"283",194229,"pil.27.7","Sardine (Sardina pilchardus) in Subarea 7 (Southern Celtic Seas  English Channel)","pil"
"284",169254,"pil.27.78abd","Sardine (Sardina pilchardus) in divisions 8.a–b and 8.d and in Subarea 7 (Bay of Biscay, southern Celtic Seas, and the English Channel)","pil"
"285",194230,"pil.27.8abd","Sardine (Sardina pilchardus) in Divisions 8.a-b and 8.d (Bay of Biscay)","pil"
"286",169255,"pil.27.8c9a","Sardine (Sardina pilchardus) in divisions 8.c and 9.a (Cantabrian Sea and Atlantic Iberian waters)","pil"
"287",169180,"ple-2123","Plaice in Subdivisions 21. 22. and 23 (Kattegat. Belts. and Sound)","ple"
"288",169181,"ple-2432","Plaice (Pleuronectes platessa) in subdivisions 24–32 (Baltic Sea, excluding the Sound and Belt Seas)","ple"
"289",169182,"ple-7b-c","Plaice in Division VIIb,c (West of Ireland)","ple"
"290",169183,"ple-7h-k","Plaice in Divisions VIIh-k (Southwest of Ireland)","ple"
"291",169184,"ple-89a","Plaice (Pleuronectes platessa) in Subarea 8 and Division 9.a (Bay of Biscay and Atlantic Iberian waters)","ple"
"292",169185,"ple-celt","Plaice in Divisions VIIf,g (Celtic Sea)","ple"
"293",169186,"ple-eche","Plaice in Division VIId (Eastern Channel)","ple"
"294",169187,"ple-echw","Plaice in Division VIIe (Western Channel)","ple"
"295",169188,"ple-iris","Plaice in Division VIIa (Irish Sea)","ple"
"296",136628,"ple-kask","Plaice in Division IIIa (Skagerrak - Kattegat)","ple"
"297",169189,"ple-nsea","Plaice Sub-area IV (North Sea)","ple"
"298",136630,"ple-skag","Plaice in the Skagerrak (part of Fishing Area IIIa)","ple"
"299",169180,"ple.27.21-23","Plaice (Pleuronectes platessa) in subdivisions 21–23 (Kattegat, Belt Seas, and the Sound)","ple"
"300",169181,"ple.27.24-32","Plaice (Pleuronectes platessa) in subdivisions 24–32 (Baltic Sea, excluding the Sound and Belt Seas)","ple"
"301",169189,"ple.27.420","Plaice (Pleuronectes platessa) in Subarea 4 (North Sea) and Subdivision 20 (Skagerrak)","ple"
"302",169188,"ple.27.7a","Plaice (Pleuronectes platessa) in Division 7.a (Irish Sea)","ple"
"303",169182,"ple.27.7bc","Plaice (Pleuronectes platessa) in divisions 7.b–c (West of Ireland)","ple"
"304",169186,"ple.27.7d","Plaice (Pleuronectes platessa) in Division 7.d (eastern English Channel)","ple"
"305",169187,"ple.27.7e","Plaice (Pleuronectes platessa) in Division 7.e (western English Channel)","ple"
"306",169185,"ple.27.7fg","Plaice (Pleuronectes platessa) in divisions 7.f and 7.g (Bristol Channel, Celtic Sea)","ple"
"307",169183,"ple.27.7h–k","Plaice (Pleuronectes platessa) in divisions 7h–k (Celtic Sea South, southwest of Ireland)","ple"
"308",169184,"ple.27.89a","Plaice (Pleuronectes platessa) in Subarea 8 and Division 9.a (Bay of Biscay and Atlantic Iberian waters)","ple"
"309",169238,"pok.27.1-2","Saithe (Pollachius virens) in subareas 1 and 2 (Northeast Arctic)","pok"
"310",169237,"pok.27.3a46","Saithe (Pollachius virens) in Subareas 4, 6 and Division 3.a (North Sea, Rockall and West of Scotland, Skagerrak and Kattegat)","pok"
"311",169240,"pok.27.5a","Saithe (Pollachius virens) in Division 5.a (Iceland grounds)","pok"
"312",169239,"pok.27.5b","Saithe (Pollachius virens) in Division 5.b (Faroes grounds)","pok"
"313",169190,"pol-89a","Pollack (Pollachius pollachius) in Subarea 8 and Division 9.a (Bay of Biscay and Atlantic Iberian waters)","pol"
"314",169191,"pol-celt","Pollack (Pollachius pollachius) in subareas 6–7 (Celtic Seas and the English Channel)","pol"
"315",169192,"pol-nsea","Pollack (Pollachius pollachius) in Subarea 4 and Division 3.a (North Sea, Skagerrak and Kattegat)","pol"
"316",169192,"pol.27.3a4","Pollack (Pollachius pollachius) in Subarea 4 and Division 3.a (North Sea, Skagerrak and Kattegat)","pol"
"317",169191,"pol.27.67","Pollack (Pollachius pollachius) in subareas 6–7 (Celtic Seas and the English Channel)","pol"
"318",169190,"pol.27.89a","Pollack (Pollachius pollachius) in Subarea 8 and Division 9.a (Bay of Biscay and Atlantic Iberian waters)","pol"
"319",169193,"por-nea","Porbeagle (Lamna nasus) in subareas 1-10, 12 and 14 (the Northeast Atlantic and adjacent waters)","por"
"320",169193,"por.27.nea","Porbeagle (Lamna nasus) in subareas 1-10, 12 and 14 (the Northeast Atlantic and adjacent waters)","por"
"321",169177,"pra.27.1-2","Northern shrimp (Pandalus borealis) in subareas 1 and 2 (Northeast Arctic)","pra"
"322",169178,"pra.27.4a","Northern shrimp (Pandalus borealis) in Division 4.a (northern North Sea, Fladen Ground)","pra"
"323",169179,"pra.27.4a20","Northern shrimp (Pandalus borealis) in Division 4.a East and Subdivision 20 (northern North Sea in the Norwegian Deep and Skagerrak)","pra"
"324",169194,"raj-347d","Rays and skates (Rajidae) in Subarea 4 and in divisions 3.a and 7.d (North Sea, Skagerrak, Kattegat, and eastern English Channel)","raj"
"325",169195,"raj-89a","Rays and skates (Rajidae) in Subarea 8 and Division 9.a (Bay of Biscay and Atlantic Iberian waters)","raj"
"326",169196,"raj-celt","Rays and skates (Rajidae) in Subarea 6 and divisions 7.a-c and 7.e-h (Rockall and West of Scotland, southern Celtic Seas, western English Channel)","raj"
"327",169197,"raj-mar","Rays and skates (Rajidae) (mainly thornback ray (Raja clavata)) in subareas 10 and 12 (Azores grounds and north of Azores)","raj"
"328",169197,"raj.27.1012","Rays and skates (Rajidae) (mainly thornback ray (Raja clavata)) in subareas 10 and 12 (Azores grounds and north of Azores)","raj"
"329",169194,"raj.27.3a47d","Rays and skates (Rajidae) in Subarea 4 and in divisions 3.a and 7.d (North Sea, Skagerrak, Kattegat, and eastern English Channel)","raj"
"330",169196,"raj.27.67a-ce-h","Rays and skates (Rajidae) in Subarea 6 and divisions 7.a-c and 7.e-h (Rockall and West of Scotland, southern Celtic Seas, western English Channel)","raj"
"331",169195,"raj.27.89a","Rays and skates (Rajidae) in Subarea 8 and Division 9.a (Bay of Biscay and Atlantic Iberian waters)","raj"
"332",169264,"reb.2127.dp","Beaked redfish (Sebastes mentella) in ICES subareas 5, 12, and 14 (Iceland and Faroe grounds, North of Azores, East of Greenland) and NAFO subareas 1 and 2 (deep pelagic stock > 500 m) ","reb"
"333",169266,"reb.2127.sp","Beaked redfish (Sebastes mentella) in ICES subareas 5, 12, and 14 (Iceland and Faroe grounds, North of Azores, East of Greenland) and NAFO subareas 1 and 2 (shallow pelagic stock < 500 m)","reb"
"334",169262,"reb.27.1-2","Beaked redfish  (Sebastes mentella) in subareas 1 and 2 (Northeast Arctic)","reb"
"335",169265,"reb.27.14b","Beaked redfish  (Sebastes mentella) in Division 14.b, demersal (Southeast Greenland)","reb"
"336",169263,"reb.27.5a14","Beaked redfish  (Sebastes mentella) in Subarea 14 and Division 5.a, Icelandic slope stock (East of Greenland, Iceland grounds)","reb"
"337",169267,"reg.27.561214","Golden redfish (Sebastes norvegicus) in subareas 5, 6, 12, and 14 (Iceland and Faroes grounds, West of Scotland, North of Azores, East of Greenland)","reg"
"338",169198,"rhg-nea","Roughhead grenadier (Macrourus berglax) in subareas 5-8, 10, 12 and 14 (Northeast Atlantic and Arctic Ocean)","rhg"
"339",169198,"rhg.27.nea","Roughhead grenadier (Macrourus berglax) in subareas 5-8, 10, 12 and 14 (Northeast Atlantic and Arctic Ocean)","rhg"
"340",169199,"rja-nea","White skate (Rostroraja alba) in subareas 1-10, 12 and 14 (the Northeast Atlantic and adjacent waters)","rja"
"341",169199,"rja.27.nea","White skate (Rostroraja alba) in subareas 1-10, 12 and 14 (the Northeast Atlantic and adjacent waters)","rja"
"342",169200,"rjb-34","Common skate (Dipturus batis-complex) in  Subarea 4 and Division 3.a (North Sea, Skagerrak and Kattegat)","rjb"
"343",136639,"rjb-347d","Common skate (Dipturus batis) complex (flapper skate (Dipturus cf. flossada) and blue skate (Dipturus cf. intermedia)) in Subarea IV  and Divisions IIIa and VIId","rjb"
"344",169201,"rjb-89a","Common skate (Dipturus batis-complex) in Subarea 8 and Division 9.a (Bay of Biscay and Atlantic Iberian waters)","rjb"
"345",169202,"rjb-celt","Common skate (Dipturus batis-complex flapper skate (Dipturus cf. Flossada) and blue skate (Dipturus cf. intermedia) in Subarea 6 and divisions 7.a-c and 7.e-k (Celtic Seas and western English Channel)","rjb"
"346",169200,"rjb.27.3a4","Common skate (Dipturus batis-complex) in  Subarea 4 and Division 3.a (North Sea, Skagerrak and Kattegat)","rjb"
"347",169202,"rjb.27.67a-ce-k","Common skate (Dipturus batis-complex flapper skate (Dipturus cf. Flossada) and blue skate (Dipturus cf. intermedia) in Subarea 6 and divisions 7.a-c and 7.e-k (Celtic Seas and western English Channel)","rjb"
"348",169201,"rjb.27.89a","Common skate (Dipturus batis-complex) in Subarea 8 and Division 9.a (Bay of Biscay and Atlantic Iberian waters)","rjb"
"349",169203,"rjc-347d","Thornback ray (Raja clavata) in Subarea 4 and in divisions 3.a and 7.d (North Sea, Skagerrak, Kattegat, and eastern English Channel)","rjc"
"350",136642,"rjc-347de","Thornback ray (Raja clavata) in Subarea IV  and Divisions IIIa and VIId e (North Sea  Skagerrak  Kattegat  and English Channel)","rjc"
"351",169204,"rjc-7afg","Thornback ray (Raja clavata) in divisions 7.a and 7.f–g (Irish Sea, Bristol Channel, Celtic Sea North)","rjc"
"352",169205,"rjc-bisc","Thornback ray (Raja clavata) in Subarea 8 (Bay of Biscay)","rjc"
"353",169206,"rjc-echw","Thornback ray (Raja clavata) in Division 7.e (western English Channel)","rjc"
"354",169207,"rjc-pore","Thornback ray (Raja clavata) in Division 9.a (Atlantic Iberian waters)","rjc"
"355",169208,"rjc-VI","Thornback ray (Raja clavata) in Subarea 6 (West of Scotland)","rjc"
"356",169203,"rjc.27.3a47d","Thornback ray (Raja clavata) in Subarea 4 and in divisions 3.a and 7.d (North Sea, Skagerrak, Kattegat, and eastern English Channel)","rjc"
"357",169208,"rjc.27.6","Thornback ray (Raja clavata) in Subarea 6 (West of Scotland)","rjc"
"358",169204,"rjc.27.7afg","Thornback ray (Raja clavata) in divisions 7.a and 7.f–g (Irish Sea, Bristol Channel, Celtic Sea North)","rjc"
"359",169206,"rjc.27.7e","Thornback ray (Raja clavata) in Division 7.e (western English Channel)","rjc"
"360",169205,"rjc.27.8","Thornback ray (Raja clavata) in Subarea 8 (Bay of Biscay)","rjc"
"361",169207,"rjc.27.9a","Thornback ray (Raja clavata) in Division 9.a (Atlantic Iberian waters)","rjc"
"362",169209,"rje-7fg","Small-eyed ray (Raja microocellata) in divisions 7.f and 7.g (Bristol Channel, Celtic Sea North)","rje"
"363",169210,"rje-ech","Small-eyed ray (Raja microocellata) in divisions 7.d and 7.e (English Channel)","rje"
"364",169210,"rje.27.7de","Small-eyed ray (Raja microocellata) in divisions 7.d and 7.e (English Channel)","rje"
"365",169209,"rje.27.7fg","Small-eyed ray (Raja microocellata) in divisions 7.f and 7.g (Bristol Channel, Celtic Sea North)","rje"
"366",169211,"rjf-celt","Shagreen ray (Leucoraja fullonica) in subareas 6–7 (West of Scotland, southern Celtic Seas, English Channel)","rjf"
"367",169211,"rjf.27.67","Shagreen ray (Leucoraja fullonica) in subareas 6–7 (West of Scotland, southern Celtic Seas, English Channel)","rjf"
"368",169212,"rjh-4aVI","Blonde ray (Raja brachyura) in Subarea 6 and Division 4.a (North Sea and West of Scotland)","rjh"
"369",169213,"rjh-4c7d","Blonde ray (Raja brachyura) in divisions 4.c and 7.d (southern North Sea and eastern English Channel)","rjh"
"370",136651,"rjh-4c7de","Blonde ray (Raja brachyura) in Divisions IVc and VIId  e (Southern North Sea and English Channel)","rjh"
"371",169214,"rjh-7afg","Blonde ray (Raja brachyura) in divisions 7.a and 7.f–g (Irish Sea, Bristol Channel, Celtic Sea North)","rjh"
"372",169215,"rjh-7e","Blonde ray (Raja brachyura) in Division 7.e (western English Channel)","rjh"
"373",169216,"rjh-pore","Blonde ray (Raja brachyura) in Division 9.a (Atlantic Iberian waters)","rjh"
"374",136654,"rjh-VI","Blonde ray (Raja brachyura) in Subarea VI (West of Scotland)","rjh"
"375",169212,"rjh.27.4a6","Blonde ray (Raja brachyura) in Subarea 6 and Division 4.a (North Sea and West of Scotland)","rjh"
"376",169213,"rjh.27.4c7d","Blonde ray (Raja brachyura) in divisions 4.c and 7.d (southern North Sea and eastern English Channel)","rjh"
"377",169214,"rjh.27.7afg","Blonde ray (Raja brachyura) in divisions 7.a and 7.f–g (Irish Sea, Bristol Channel, Celtic Sea North)","rjh"
"378",169215,"rjh.27.7e","Blonde ray (Raja brachyura) in Division 7.e (western English Channel)","rjh"
"379",169216,"rjh.27.9a","Blonde ray (Raja brachyura) in Division 9.a (Atlantic Iberian waters)","rjh"
"380",169217,"rji-celt","Sandy ray (Leucoraja circularis) in subareas 6–7 (West of Scotland, southern Celtic Seas, English Channel)","rji"
"381",169217,"rji.27.67","Sandy ray (Leucoraja circularis) in subareas 6–7 (West of Scotland, southern Celtic Seas, English Channel)","rji"
"382",169218,"rjm-347d","Spotted ray (Raja montagui) in Subarea 4 and Divisions 3.a and 7.d (North Sea, Skagerrak, Kattegat, and eastern English Channel)","rjm"
"383",169219,"rjm-67bj","Spotted ray (Raja montagui) in Subarea 6 and divisions 7.b and 7.j (West of Scotland, west and southwest of Ireland)","rjm"
"384",169220,"rjm-7aeh","Spotted ray (Raja montagui) in divisions 7.a and 7.e–h (southern Celtic Seas and western English Channel)","rjm"
"385",136657,"rjm-7afg","Spotted ray (Raja montagui) in Divisions VIIa  f  g (Irish and Celtic Sea)","rjm"
"386",169221,"rjm-bisc","Spotted ray (Raja montagui) in  Subarea 8 (Bay of Biscay)","rjm"
"387",169222,"rjm-pore","Spotted ray (Raja montagui) in Division 9.a (Atlantic Iberian waters)","rjm"
"388",136660,"rjm-VI","Spotted ray (Raja montagui) in Subarea VI (West of Scotland)","rjm"
"389",169218,"rjm.27.3a47d","Spotted ray (Raja montagui) in Subarea 4 and Divisions 3.a and 7.d (North Sea, Skagerrak, Kattegat, and eastern English Channel)","rjm"
"390",169219,"rjm.27.67bj","Spotted ray (Raja montagui) in Subarea 6 and divisions 7.b and 7.j (West of Scotland, west and southwest of Ireland)","rjm"
"391",169220,"rjm.27.7ae-h","Spotted ray (Raja montagui) in divisions 7.a and 7.e–h (southern Celtic Seas and western English Channel)","rjm"
"392",169221,"rjm.27.8","Spotted ray (Raja montagui) in  Subarea 8 (Bay of Biscay)","rjm"
"393",169222,"rjm.27.9a","Spotted ray (Raja montagui) in Division 9.a (Atlantic Iberian waters)","rjm"
"394",169223,"rjn-34","Cuckoo ray (Leucoraja naevus) in Subarea 4 and Division 3.a (North Sea, Skagerrak and Kattegat)","rjn"
"395",136661,"rjn-347d","Cuckoo ray (Leucoraja naevus) in Subarea IV  and Divisions IIIa and VIId (North Sea  Skagerrak  Kattegat  and Eastern English Channel)","rjn"
"396",169224,"rjn-678abd","Cuckoo ray (Leucoraja naevus) in subareas 6–7 (West of Scotland, southern Celtic Seas, and western English Channel)","rjn"
"397",169225,"rjn-8c","Cuckoo ray (Leucoraja naevus) in Division 8.c (Cantabrian Sea)","rjn"
"398",136662,"rjn-bisc","Cuckoo ray (Leucoraja naevus) in Subarea VIII (Bay of Biscay and Cantabrian Sea)","rjn"
"399",136663,"rjn-celt","Cuckoo ray (Leucoraja naevus) in Subareas VI and VII (Celtic Sea and West of Scotland)","rjn"
"400",169226,"rjn-pore","Cuckoo ray (Leucoraja naevus) in Division 9.a (Atlantic Iberian waters)","rjn"
"401",169223,"rjn.27.3a4","Cuckoo ray (Leucoraja naevus) in Subarea 4 and Division 3.a (North Sea, Skagerrak and Kattegat)","rjn"
"402",169224,"rjn.27.67","Cuckoo ray (Leucoraja naevus) in subareas 6–7 (West of Scotland, southern Celtic Seas, and western English Channel)","rjn"
"403",169225,"rjn.27.8c","Cuckoo ray (Leucoraja naevus) in Division 8.c (Cantabrian Sea)","rjn"
"404",169226,"rjn.27.9a","Cuckoo ray (Leucoraja naevus) in Division 9.a (Atlantic Iberian waters)","rjn"
"405",169227,"rjr-234","Starry ray (Amblyraja radiata) in Subareas 2 and 4, and Division 3.a  (Norwegian Sea, North Sea, Skagerrak and Kattegat)","rjr"
"406",136665,"rjr-347d","Starry ray (Amblyraja radiata) in Subarea IV  and Divisions IIIa and VIId (North Sea  Skagerrak  Kattegat  and Eastern English Channel)","rjr"
"407",169227,"rjr.27.23a4","Starry ray (Amblyraja radiata) in Subareas 2 and 4, and Division 3.a  (Norwegian Sea, North Sea, Skagerrak and Kattegat)","rjr"
"408",169228,"rju-7bj","Undulate ray (Raja undulata) in divisions 7.b and 7.j (west and southwest of Ireland)","rju"
"409",136666,"rju-7j","Undulate ray (Raja undulata) in Division VIIj (Great Sole Bank)","rju"
"410",169229,"rju-8ab","Undulate ray (Raja undulata) in divisions 8.a–b (northern and central Bay of Biscay)","rju"
"411",169230,"rju-8c","Undulate ray (Raja undulata) in Division 8.c (Cantabrian Sea)","rju"
"412",169231,"rju-9a","Undulate ray (Raja undulata) in Division 9.a (Atlantic Iberian waters)","rju"
"413",169232,"rju-ech","Undulate ray (Raja undulata) in divisions 7.d and 7.e (English Channel)","rju"
"414",169228,"rju.27.7bj","Undulate ray (Raja undulata) in divisions 7.b and 7.j (west and southwest of Ireland)","rju"
"415",169232,"rju.27.7de","Undulate ray (Raja undulata) in divisions 7.d and 7.e (English Channel)","rju"
"416",169229,"rju.27.8ab","Undulate ray (Raja undulata) in divisions 8.a–b (northern and central Bay of Biscay)","rju"
"417",169230,"rju.27.8c","Undulate ray (Raja undulata) in Division 8.c (Cantabrian Sea)","rju"
"418",169231,"rju.27.9a","Undulate ray (Raja undulata) in Division 9.a (Atlantic Iberian waters)","rju"
"419",169233,"rng-1012","Roundnose grenadier (Coryphaenoides rupestris) in Divisions 10.b and 12.c, and Subdivisions 12.a.1, 14.b.1, and 5.a.1 (Oceanic Northeast Atlantic and northern Reykjanes Ridge)","rng"
"420",169234,"rng-5b67","Roundnose grenadier (Coryphaenoides rupenstris) in Subareas VI and VII. and Divisons Vb and XIIb","rng"
"421",136671,"rng-comb","Roundnose grenadier (Coryphaenoides rupestris) in the Northeast Atlantic","rng"
"422",169235,"rng-kask","Roundnose grenadier (Coryphaenoides rupestris) in Division 3.a (Skagerrak and Kattegat)","rng"
"423",169236,"rng-oth","Roundnose grenadier (Coryphaenoides rupestris) in subareas 1, 2, 4, 8, and 9, Division 14.a, and in subdivisions 14.b.2 and 5.a.2 (Northeast Atlantic and Arctic Ocean)","rng"
"424",169236,"rng.27.1245a8914ab","Roundnose grenadier (Coryphaenoides rupestris) in subareas 1, 2, 4, 8, and 9, Division 14.a, and in subdivisions 14.b.2 and 5.a.2 (Northeast Atlantic and Arctic Ocean)","rng"
"425",169235,"rng.27.3a","Roundnose grenadier (Coryphaenoides rupestris) in Division 3.a (Skagerrak and Kattegat)","rng"
"426",169233,"rng.27.5a10b12ac14b","Roundnose grenadier (Coryphaenoides rupestris) in Divisions 10.b and 12.c, and Subdivisions 12.a.1, 14.b.1, and 5.a.1 (Oceanic Northeast Atlantic and northern Reykjanes Ridge)","rng"
"427",169234,"rng.27.5b6712b","Roundnose grenadier (Coryphaenoides rupestris) in subareas 6-7, and in Divisions 5.b and 12.b (Celtic Seas and the English Channel, Faroes grounds, and western Hatton Bank)","rng"
"428",169237,"sai-3a46","Saithe in Subarea IV (North Sea) Division IIIa West (Skagerrak) and Subarea VI (West of Scotland and Rockall)","sai"
"429",169238,"sai-arct","Saithe in Subareas I and II (Northeast Arctic)","sai"
"430",169239,"sai-faro","Saithe in Division Vb (Faroe Saithe)","sai"
"431",169240,"sai-icel","Saithe in Division Va (Icelandic saithe)","sai"
"432",169241,"sal-2431","Salmon in Subdivisions 22 - 31 (Main Basin and Gulf of Bothnia)","sal"
"433",169242,"sal-32","Salmon in Subdivision 32 (Gulf of Finland)","sal"
"434",136680,"sal-na","Atlantic Salmon from North America","sal"
"435",136681,"sal-nea","Salmon in the North-east Atlantic","sal"
"436",999999,"sal-wgc","Atlantic Salmon at West Greenland","sal"
"437",169241,"sal.27.22-31","Salmon (Salmo salar) in subdivisions 22–31 (Baltic Sea, excluding the Gulf of Finland)","sal"
"438",169242,"sal.27.32","Salmon (Salmo salar) in Subdivision 32 (Gulf of Finland)","sal"
"439",169246,"san-ns1","Sandeel in the Dogger Bank area (SA 1)","san"
"440",169247,"san-ns2","Sandeel in the South Eastern North Sea (SA 2)","san"
"441",169248,"san-ns3","Sandeel in the Central Eastern North Sea (SA 3)","san"
"442",169249,"san-ns4","Sandeel (Ammodytes spp.) in divisions 4.a and 4.b, Sandeel Area 4 (northern and central North Sea)","san"
"443",169250,"san-ns5","Sandeel (Ammodytes spp.) in Division 4.a, Sandeel Area 5r (northern North Sea, Viking and Bergen banks)","san"
"444",169251,"san-ns6","Sandeel (Ammodytes spp.) in subdivisions 20-22, Sandeel Area 6 (Kattegat)","san"
"445",169252,"san-ns7","Sandeel (Ammodytes spp.) in Division 4.a, Sandeel Area 7 (northern North Sea, Shetland)","san"
"446",136690,"san-scow","Sandeel in Division VIa","san"
"447",169246,"san.sa.1r","Sandeel (Ammodytes spp.) in Divisions 4.b and 4.c, Sandeel Area 1r (central and southern North Sea, Dogger Bank)","san"
"448",169247,"san.sa.2r","Sandeel (Ammodytes spp.) in Divisions 4.b and 4.c, and Subdivision 20, Sandeel Area 2r (Skagerrak, central and southern North Sea)","san"
"449",169248,"san.sa.3r","Sandeel (Ammodytes spp.) in Divisions 4.a and 4.b, and Subdivision 20, Sandeel Area 3r (Skagerrak, northern and central North Sea)","san"
"450",169249,"san.sa.4","Sandeel (Ammodytes spp.) in divisions 4.a and 4.b, Sandeel Area 4 (northern and central North Sea)","san"
"451",169250,"san.sa.5r","Sandeel (Ammodytes spp.) in Division 4.a, Sandeel Area 5r (northern North Sea, Viking and Bergen banks)","san"
"452",169251,"san.sa.6","Sandeel (Ammodytes spp.) in subdivisions 20-22, Sandeel Area 6 (Kattegat)","san"
"453",169252,"san.sa.7r","Sandeel (Ammodytes spp.) in Division 4.a, Sandeel Area 7 (northern North Sea, Shetland)","san"
"454",169254,"sar-78","Sardine (Sardina pilchardus) in divisions 8.a–b and 8.d and in Subarea 7 (Bay of Biscay, southern Celtic Seas, and the English Channel)","sar"
"455",169255,"sar-soth","Sardine in Divisions VIIIc and IXa","sar"
"456",169256,"sbr-678","Blackspot seabream (Pagellus bogaraveo) in subareas 6–8 (Celtic Seas, the English Channel, and Bay of Biscay)","sbr"
"457",169257,"sbr-ix","Blackspot seabream (Pagellus bogaraveo) in Subarea 9 (Atlantic Iberian waters)","sbr"
"458",169258,"sbr-x","Blackspot seabream (Pagellus bogaraveo) in Subarea 10 (Azores grounds)","sbr"
"459",169258,"sbr.27.10","Blackspot seabream (Pagellus bogaraveo) in Subarea 10 (Azores grounds)","sbr"
"460",169256,"sbr.27.6-8","Blackspot seabream (Pagellus bogaraveo) in subareas 6–8 (Celtic Seas, the English Channel, and Bay of Biscay)","sbr"
"461",169257,"sbr.27.9","Blackspot seabream (Pagellus bogaraveo) in Subarea 9 (Atlantic Iberian waters)","sbr"
"462",169259,"sck-nea","Kitefin shark (Dalatias licha) in the Northeast Atlantic and adjacent waters","sck"
"463",169259,"sck.27.nea","Kitefin shark (Dalatias licha) in subareas 1-10, 12 and 14 (the Northeast Atlantic and adjacent waters)","sck"
"464",169290,"sdv.27.nea","Smooth-hound (Mustelus spp.) in subareas 1-10, 12 and 14 (the Northeast Atlantic and adjacent waters)","sdv"
"465",169260,"sho-89a","Black-mouth dogfish (Galeus melastomus) in Subarea 8 and Division 9.a (Bay of Biscay and Atlantic Iberian waters)","sho"
"466",169261,"sho-celt","Black-mouth dogfish (Galeus melastomus) in subareas 6 and 7 (West of Scotland, southern Celtic Seas, and English Channel)","sho"
"467",169261,"sho.27.67","Black-mouth dogfish (Galeus melastomus) in subareas 6 and 7 (West of Scotland, southern Celtic Seas, and English Channel)","sho"
"468",169260,"sho.27.89a","Black-mouth dogfish (Galeus melastomus) in Subarea 8 and Division 9.a (Bay of Biscay and Atlantic Iberian waters)","sho"
"469",136698,"sma-nea","Shortfin mako (Isurus oxyrinchus) in the Northeast Atlantic","sma"
"470",136698,"sma-nea","Shortfin mako in the North Atlantic (North of 5°N)","sma"
"471",169262,"smn-arct","Beaked Redfish (Sebastes mentella) in Subareas I and II","smn"
"472",169263,"smn-con","Beaked Redfish (Sebastes mentella) on the continental shelf in Subareas V, VI and XIV (Demersal)","smn"
"473",169264,"smn-dp","Beaked redfish (Sebastes mentella) in ICES subareas 5, 12, and 14 (Iceland and Faroe grounds, North of Azores, East of Greenland) and NAFO subareas 1 and 2 (deep pelagic stock > 500 m) ","smn"
"474",169265,"smn-grl","Beaked redfish  (Sebastes mentella) in Division 14.b, demersal (Southeast Greenland)","smn"
"475",169266,"smn-sp","Beaked redfish (Sebastes mentella) in ICES subareas 5, 12, and 14 (Iceland and Faroe grounds, North of Azores, East of Greenland) and NAFO subareas 1 and 2 (shallow pelagic stock < 500 m)","smn"
"476",169267,"smr-5614","Golden Redfish (Sebastes marinus) in Subareas V, VI, XII and XIV","smr"
"477",136708,"smr-arct","Golden Redfish (Sebastes marinus) in Subareas I and II","smr"
"478",169269,"sol-7b-c","Sole in Division VIIb, c (West of Ireland)","sol"
"479",169270,"sol-7h-k","Sole in Divisions VIIh-k (Southwest of Ireland)","sol"
"480",169271,"sol-8c9a","Sole (Solea solea) in divisions 8.c and 9.a (Cantabrian Sea and Atlantic Iberian waters)","sol"
"481",169272,"sol-bisc","Sole in Divisions VIIIa,b (Bay of Biscay)","sol"
"482",169273,"sol-celt","Sole in Divisions VIIf, g (Celtic Sea)","sol"
"483",169274,"sol-eche","Sole in Division VIId (Eastern Channel)","sol"
"484",169275,"sol-echw","Sole in Division VIIe (Western Channel)","sol"
"485",169276,"sol-iris","Sole in Division VIIa (Irish Sea)","sol"
"486",169277,"sol-kask","Sole in Division IIIa (Skagerrak-Kattegat)","sol"
"487",169278,"sol-nsea","Sole in Sub-area IV (North Sea)","sol"
"488",169277,"sol.27.20-24","Sole (Solea solea) in subdivisions 20–24 (Skagerrak and Kattegat, western Baltic Sea)","sol"
"489",169278,"sol.27.4","Sole (Solea solea) in Subarea 4 (North Sea)","sol"
"490",169276,"sol.27.7a","Sole (Solea solea) in Division 7.a (Irish Sea)","sol"
"491",169269,"sol.27.7bc","Sole (Solea solea) in divisions 7.b and 7.c (West of Ireland)","sol"
"492",169274,"sol.27.7d","Sole (Solea solea) in Division 7.d (eastern English Channel)","sol"
"493",169275,"sol.27.7e","Sole (Solea solea) in Division 7.e (western English Channel)","sol"
"494",169273,"sol.27.7fg","Sole (Solea solea) in divisions 7.f and 7.g (Bristol Channel, Celtic Sea)","sol"
"495",169270,"sol.27.7h–k","Sole (Solea solea) in divisions 7.h–k (Celtic Sea South, southwest of Ireland)","sol"
"496",169272,"sol.27.8ab","Sole (Solea solea) in divisions 8.a–b (northern and central Bay of Biscay)","sol"
"497",169271,"sol.27.8c9a","Sole (Solea solea) in divisions 8.c and 9.a (Cantabrian Sea and Atlantic Iberian waters)","sol"
"498",169279,"spr-2232","Sprat in Subdivisions 22 - 32 (Baltic Sea)","spr"
"499",169280,"spr-celt","Sprat (Sprattus sprattus) in Subarea 6 and divisions 7.a–c and 7.f–k (West of Scotland, southern Celtic Seas)","spr"
"500",169281,"spr-ech","Sprat in Divisions VIId,e","spr"
"501",169282,"spr-kask","Sprat in Division IIIa","spr"
"502",169283,"spr-nsea","Sprat in Subarea IV (North Sea)","spr"
"503",169279,"spr.27.22–32","Sprat (Sprattus sprattus) in subdivisions 22–32 (Baltic Sea)","spr"
"504",169282,"spr.27.3a","Sprat (Sprattus sprattus) in Division 3.a (Skagerrak and Kattegat)","spr"
"505",169283,"spr.27.4","Sprat (Sprattus sprattus) in Subarea 4 (North Sea)","spr"
"506",169280,"spr.27.67a–cf–k","Sprat (Sprattus sprattus) in Subarea 6 and divisions 7.a–c and 7.f–k (West of Scotland, southern Celtic Seas)","spr"
"507",169281,"spr.27.7de","Sprat (Sprattus sprattus) in divisions 7.d and 7.e (English Channel)","spr"
"508",169284,"syc-347d","Lesser-spotted dogfish (Scyliorhinus canicula) in Subarea 4 and Divisions 3.a and 7.d (North Sea, Skagerrak and Kattegat, eastern English Channel)","syc"
"509",169285,"syc-8c9a","Lesser-spotted dogfish (Scyliorhinus canicula) in divisions 8.c and 9.a (Cantabrian Sea and Atlantic Iberian waters)","syc"
"510",169286,"syc-bisc","Lesser-spotted dogfish (Scyliorhinus canicula) in divisions 8.a–b and 8.d (Bay of Biscay)","syc"
"511",169287,"syc-celt","Lesser-spotted dogfish (Scyliorhinus canicula) in Subarea 6 and divisions 7.a–c and 7.e–j  (West of Scotland, Irish Sea, southern Celtic Seas)","syc"
"512",169284,"syc.27.3a47d","Lesser-spotted dogfish (Scyliorhinus canicula) in Subarea 4 and Divisions 3.a and 7.d (North Sea, Skagerrak and Kattegat, eastern English Channel)","syc"
"513",169287,"syc.27.67a-ce-j","Lesser-spotted dogfish (Scyliorhinus canicula) in Subarea 6 and divisions 7.a–c and 7.e–j  (West of Scotland, Irish Sea, southern Celtic Seas)","syc"
"514",169286,"syc.27.8abd","Lesser-spotted dogfish (Scyliorhinus canicula) in divisions 8.a–b and 8.d (Bay of Biscay)","syc"
"515",169285,"syc.27.8c9a","Lesser-spotted dogfish (Scyliorhinus canicula) in divisions 8.c and 9.a (Cantabrian Sea and Atlantic Iberian waters)","syc"
"516",169288,"syt-celt","Greater-spotted dogfish (Skyliorhinus stellaris) in subareas 6 and 7 (West of Scotland, southern Celtic Sea, and the English Channel)","syt"
"517",169288,"syt.27.67","Greater-spotted dogfish (Skyliorhinus stellaris) in subareas 6 and 7 (West of Scotland, southern Celtic Sea, and the English Channel)","syt"
"518",169289,"thr-nea","Thresher sharks (Alopias spp.) in Subareas 10, 12, Divisions 7.c-k, 8.d-e, and Subdivisions 5.b.1, 9.b.1, 14.b.1 (Northeast Atlantic)","thr"
"519",169289,"thr.27.nea","Thresher sharks (Alopias spp.) in Subareas 10, 12, Divisions 7.c-k, 8.d-e, and Subdivisions 5.b.1, 9.b.1, 14.b.1 (Northeast Atlantic)","thr"
"520",169290,"trk-nea","Smooth-hound (Mustelus spp.) in subareas 1-10, 12 and 14 (the Northeast Atlantic and adjacent waters)","trk"
"521",169291,"trs.27.22-32","Sea trout (Salmo trutta) in subdivisions 22–32 (Baltic Sea)","trs"
"522",169291,"trt-bal","Sea Trout in Subdivisions 22 - 32 (Baltic Sea)","trt"
"523",169292,"tsu-nea","Roughsnout grenadier (Trachyrincus scabrus) in subareas 1-2, 4-8, 10, 12, 14 and Division 3a (Northeast Atlantic and Arctic Ocean)","tsu"
"524",169292,"tsu.27.nea","Roughsnout grenadier (Trachyrincus scabrus) in subareas 1-2, 4-8, 10, 12, 14 and Division 3a (Northeast Atlantic and Arctic Ocean)","tsu"
"525",169293,"tur-2232","Turbot in Subdivisions 22 - 32 (Baltic Sea)","tur"
"526",169294,"tur-kask","Turbot (Scophthalmus maximus) in Division 3.a (Skagerrak and Kattegat)","tur"
"527",169295,"tur-nsea","Turbot in Subarea IV","tur"
"528",169293,"tur.27.22–32","Turbot (Scophthalmus maximus) in subdivisions 22–32 (Baltic Sea)","tur"
"529",169294,"tur.27.3a","Turbot (Scophthalmus maximus) in Division 3.a (Skagerrak and Kattegat)","tur"
"530",169295,"tur.27.4","Turbot (Scophthalmus maximus) in Subarea 4 (North Sea)","tur"
"531",169296,"usk-arct","Tusk in Subareas I and II (Arctic)","usk"
"532",169297,"usk-icel","Tusk in Division Va and XIV","usk"
"533",169298,"usk-mar","Tusk in Division XIIb (Mid Atlantic Ridge)","usk"
"534",169299,"usk-oth","Tusk in Divisions IIIa, Iva, Vb, VI, VII, VIII, IX and XIIa (other areas)","usk"
"535",169300,"usk-rock","Tusk in Division Vb (Rockall )","usk"
"536",169296,"usk.27.1-2","Tusk (Brosme brosme) in subareas 1 and 2 (Northeast Arctic)","usk"
"537",169298,"usk.27.12ac","Tusk (Brosme brosme) in Subarea 12, excluding Division 12.b (southern Mid-Atlantic Ridge)","usk"
"538",169299,"usk.27.3a45b6a7-912b","Tusk (Brosme brosme) in Subareas 4 and 7–9, and Divisions 3.a, 5.b, 6.a, and 12.b (Northeast Atlantic)","usk"
"539",169297,"usk.27.5a14","Tusk (Brosme brosme) in Subarea 14 and Division 5.a (East Greenland, and Iceland grounds)","usk"
"540",169300,"usk.27.6b","Tusk (Brosme brosme) in Division 6.b (Rockall)","usk"
"541",169301,"whb-comb","Blue whiting in Subareas I-IX, XII and XIV (Combined stock)","whb"
"542",169301,"whb.27.1-91214","Blue whiting (Micromesistius poutassou) in subareas 1–9, 12, and 14 (Northeast Atlantic and adjacent waters)","whb"
"543",169302,"whg-47d","Whiting Sub-area IV (North Sea) & Division VIId (Eastern Channel)","whg"
"544",169303,"whg-7e-k","Whiting in Divisions VIIe-k","whg"
"545",169304,"whg-89a","Whiting (Merlangius merlangus) in Subarea 8 and Division 9.a (Bay of Biscay and Atlantic Iberian waters)","whg"
"546",169305,"whg-iris","Whiting in Division VIIa (Irish Sea)","whg"
"547",169306,"whg-kask","Whiting in Division IIIa (Skagerrak - Kattegat)","whg"
"548",169307,"whg-rock","Whiting in Division VIb (Rockall)","whg"
"549",169308,"whg-scow","Whiting in Division VIa (West of Scotland)","whg"
"550",169306,"whg.27.3a","Whiting (Merlangius merlangus) in Division 3.a (Skagerrak and Kattegat)","whg"
"551",169302,"whg.27.47d","Whiting (Merlangius merlangus) in Subarea 4 and Division 7.d (North Sea and eastern English Channel)","whg"
"552",169308,"whg.27.6a","Whiting (Merlangius merlangus) in Division 6.a (West of Scotland)","whg"
"553",169307,"whg.27.6b","Whiting (Merlangius merlangus) in Division 6.b (Rockall)","whg"
"554",169305,"whg.27.7a","Whiting (Merlangius merlangus) in Division 7.a (Irish Sea)","whg"
"555",169303,"whg.27.7b-ce-k","Whiting (Merlangius merlangus) in divisions 7.b –c and 7.e–k (southern Celtic Seas and eastern English Channel)","whg"
"556",169304,"whg.27.89a","Whiting (Merlangius merlangus) in Subarea 8 and Division 9.a (Bay of Biscay and Atlantic Iberian waters)","whg"
"557",169309,"wit-nsea","Witch (Glyptocephalus cynoglossus) in Subarea 4 and divisions 3.a and 7.d (North Sea, Skagerrak and Kattegat, eastern English Channel)","wit"
"558",169309,"wit.27.3a47d","Witch (Glyptocephalus cynoglossus) in Subarea 4 and divisions 3.a and 7.d (North Sea, Skagerrak and Kattegat, eastern English Channel)","wit"
